State,County
illinois,adams
illinois,alexander
illinois,bond
illinois,boone
illinois,brown
illinois,bureau
illinois,calhoun
illinois,carroll
illinois,cass
illinois,champaign
illinois,christian
illinois,clark
illinois,clay
illinois,clinton
illinois,coles
illinois,cook
illinois,crawford
illinois,cumberland
illinois,de witt
illinois,douglas
illinois,du page
illinois,edgar
illinois,edwards
illinois,effingham
illinois,fayette
illinois,ford
illinois,franklin
illinois,fulton
illinois,gallatin
illinois,greene
illinois,grundy
illinois,hamilton
illinois,hancock
illinois,hardin
illinois,henderson
illinois,henry
illinois,iroquois
illinois,jackson
illinois,jasper
illinois,jefferson
illinois,jersey
illinois,jo daviess
illinois,johnson
illinois,kane
illinois,kankakee
illinois,kendall
illinois,knox
illinois,la salle
illinois,lake
illinois,lawrence
illinois,lee
illinois,livingston
illinois,logan
illinois,macon
illinois,macoupin
illinois,madison
illinois,marion
illinois,marshall
illinois,mason
illinois,massac
illinois,mcdonough
illinois,mchenry
illinois,mclean
illinois,menard
illinois,mercer
illinois,monroe
illinois,montgomery
illinois,morgan
illinois,moultrie
illinois,ogle
illinois,peoria
illinois,perry
illinois,piatt
illinois,pike
illinois,pope
illinois,pulaski
illinois,putnam
illinois,randolph
illinois,richland
illinois,rock island
illinois,saline
illinois,sangamon
illinois,schuyler
illinois,scott
illinois,shelby
illinois,st clair
illinois,stark
illinois,stephenson
illinois,tazewell
illinois,union
illinois,vermilion
illinois,wabash
illinois,warren
illinois,washington
illinois,wayne
illinois,white
illinois,whiteside
illinois,will
illinois,williamson
illinois,winnebago
illinois,woodford
indiana,adams
indiana,allen
indiana,bartholomew
indiana,benton
indiana,blackford
indiana,boone
indiana,brown
indiana,carroll
indiana,cass
indiana,clark
indiana,clay
indiana,clinton
indiana,crawford
indiana,daviess
indiana,de kalb
indiana,dearborn
indiana,decatur
indiana,delaware
indiana,dubois
indiana,elkhart
indiana,fayette
indiana,floyd
indiana,fountain
indiana,franklin
indiana,fulton
indiana,gibson
indiana,grant
indiana,greene
indiana,hamilton
indiana,hancock
indiana,harrison
indiana,hendricks
indiana,henry
indiana,howard
indiana,huntington
indiana,jackson
indiana,jasper
indiana,jay
indiana,jefferson
indiana,jennings
indiana,johnson
indiana,knox
indiana,kosciusko
indiana,la porte
indiana,lagrange
indiana,lake
indiana,lawrence
indiana,madison
indiana,marion
indiana,marshall
indiana,martin
indiana,miami
indiana,monroe
indiana,montgomery
indiana,morgan
indiana,newton
indiana,noble
indiana,ohio
indiana,orange
indiana,owen
indiana,parke
indiana,perry
indiana,pike
indiana,porter
indiana,posey
indiana,pulaski
indiana,putnam
indiana,randolph
indiana,ripley
indiana,rush
indiana,scott
indiana,shelby
indiana,spencer
indiana,st. joseph
indiana,starke
indiana,steuben
indiana,sullivan
indiana,switzerland
indiana,tippecanoe
indiana,tipton
indiana,union
indiana,vanderburgh
indiana,vermillion
indiana,vigo
indiana,wabash
indiana,warren
indiana,warrick
indiana,washington
indiana,wayne
indiana,wells
indiana,white
indiana,whitley
iowa,adair
iowa,adams
iowa,allamakee
iowa,appanoose
iowa,audubon
iowa,benton
iowa,black hawk
iowa,boone
iowa,bremer
iowa,buchanan
iowa,buena vista
iowa,butler
iowa,calhoun
iowa,carroll
iowa,cass
iowa,cedar
iowa,cerro gordo
iowa,cherokee
iowa,chickasaw
iowa,clarke
iowa,clay
iowa,clayton
iowa,clinton
iowa,crawford
iowa,dallas
iowa,davis
iowa,decatur
iowa,delaware
iowa,des moines
iowa,dickinson
iowa,dubuque
iowa,emmet
iowa,fayette
iowa,floyd
iowa,franklin
iowa,fremont
iowa,greene
iowa,grundy
iowa,guthrie
iowa,hamilton
iowa,hancock
iowa,hardin
iowa,harrison
iowa,henry
iowa,howard
iowa,humboldt
iowa,ida
iowa,iowa
iowa,jackson
iowa,jasper
iowa,jefferson
iowa,johnson
iowa,jones
iowa,keokuk
iowa,kossuth
iowa,lee
iowa,linn
iowa,louisa
iowa,lucas
iowa,lyon
iowa,madison
iowa,mahaska
iowa,marion
iowa,marshall
iowa,mills
iowa,mitchell
iowa,monona
iowa,monroe
iowa,montgomery
iowa,muscatine
iowa,o brien
iowa,osceola
iowa,page
iowa,palo alto
iowa,plymouth
iowa,pocahontas
iowa,polk
iowa,pottawattamie
iowa,poweshiek
iowa,ringgold
iowa,sac
iowa,scott
iowa,shelby
iowa,sioux
iowa,story
iowa,tama
iowa,taylor
iowa,union
iowa,van buren
iowa,wapello
iowa,warren
iowa,washington
iowa,wayne
iowa,webster
iowa,winnebago
iowa,winneshiek
iowa,woodbury
iowa,worth
iowa,wright
kansas,allen
kansas,anderson
kansas,atchison
kansas,barber
kansas,barton
kansas,bourbon
kansas,brown
kansas,butler
kansas,chase
kansas,chautauqua
kansas,cherokee
kansas,cheyenne
kansas,clark
kansas,clay
kansas,cloud
kansas,coffey
kansas,comanche
kansas,cowley
kansas,crawford
kansas,decatur
kansas,dickinson
kansas,doniphan
kansas,douglas
kansas,edwards
kansas,elk
kansas,ellis
kansas,ellsworth
kansas,finney
kansas,ford
kansas,franklin
kansas,geary
kansas,gove
kansas,graham
kansas,grant
kansas,gray
kansas,greeley
kansas,greenwood
kansas,hamilton
kansas,harper
kansas,harvey
kansas,haskell
kansas,hodgeman
kansas,jackson
kansas,jefferson
kansas,jewell
kansas,johnson
kansas,kearny
kansas,kingman
kansas,kiowa
kansas,labette
kansas,lane
kansas,leavenworth
kansas,lincoln
kansas,linn
kansas,logan
kansas,lyon
kansas,marion
kansas,marshall
kansas,mcpherson
kansas,meade
kansas,miami
kansas,mitchell
kansas,montgomery
kansas,morris
kansas,morton
kansas,nemaha
kansas,neosho
kansas,ness
kansas,norton
kansas,osage
kansas,osborne
kansas,ottawa
kansas,pawnee
kansas,phillips
kansas,pottawatomie
kansas,pratt
kansas,rawlins
kansas,reno
kansas,republic
kansas,rice
kansas,riley
kansas,rooks
kansas,rush
kansas,russell
kansas,saline
kansas,scott
kansas,sedgwick
kansas,seward
kansas,shawnee
kansas,sheridan
kansas,sherman
kansas,smith
kansas,stafford
kansas,stanton
kansas,stevens
kansas,sumner
kansas,thomas
kansas,trego
kansas,wabaunsee
kansas,wallace
kansas,washington
kansas,wichita
kansas,wilson
kansas,woodson
kansas,wyandotte
kentucky,adair
kentucky,allen
kentucky,anderson
kentucky,ballard
kentucky,barren
kentucky,bath
kentucky,boone
kentucky,bourbon
kentucky,boyle
kentucky,bracken
kentucky,breckinridge
kentucky,bullitt
kentucky,butler
kentucky,caldwell
kentucky,calloway
kentucky,campbell
kentucky,carlisle
kentucky,carroll
kentucky,casey
kentucky,christian
kentucky,clark
kentucky,clinton
kentucky,crittenden
kentucky,cumberland
kentucky,daviess
kentucky,edmonson
kentucky,estill
kentucky,fayette
kentucky,fleming
kentucky,franklin
kentucky,fulton
kentucky,gallatin
kentucky,garrard
kentucky,grant
kentucky,graves
kentucky,grayson
kentucky,green
kentucky,greenup
kentucky,hancock
kentucky,hardin
kentucky,harrison
kentucky,hart
kentucky,henderson
kentucky,henry
kentucky,hickman
kentucky,hopkins
kentucky,jefferson
kentucky,jessamine
kentucky,larue
kentucky,laurel
kentucky,lewis
kentucky,lincoln
kentucky,livingston
kentucky,logan
kentucky,lyon
kentucky,madison
kentucky,marion
kentucky,marshall
kentucky,mason
kentucky,mccracken
kentucky,mclean
kentucky,meade
kentucky,mercer
kentucky,metcalfe
kentucky,monroe
kentucky,montgomery
kentucky,muhlenberg
kentucky,nelson
kentucky,nicholas
kentucky,ohio
kentucky,oldham
kentucky,owen
kentucky,pendleton
kentucky,powell
kentucky,pulaski
kentucky,rockcastle
kentucky,rowan
kentucky,russell
kentucky,scott
kentucky,shelby
kentucky,simpson
kentucky,spencer
kentucky,taylor
kentucky,todd
kentucky,trigg
kentucky,trimble
kentucky,union
kentucky,warren
kentucky,washington
kentucky,wayne
kentucky,webster
kentucky,woodford
michigan,alcona
michigan,alger
michigan,allegan
michigan,alpena
michigan,antrim
michigan,arenac
michigan,barry
michigan,bay
michigan,berrien
michigan,branch
michigan,calhoun
michigan,cass
michigan,charlevoix
michigan,cheboygan
michigan,chippewa
michigan,clare
michigan,clinton
michigan,delta
michigan,eaton
michigan,emmet
michigan,genesee
michigan,gladwin
michigan,grand traverse
michigan,gratiot
michigan,hillsdale
michigan,huron
michigan,ingham
michigan,ionia
michigan,iosco
michigan,isabella
michigan,jackson
michigan,kalamazoo
michigan,kalkaska
michigan,kent
michigan,lake
michigan,lapeer
michigan,leelanau
michigan,lenawee
michigan,livingston
michigan,mackinac
michigan,macomb
michigan,manistee
michigan,mason
michigan,mecosta
michigan,menominee
michigan,midland
michigan,missaukee
michigan,monroe
michigan,montcalm
michigan,montmorency
michigan,muskegon
michigan,newaygo
michigan,oakland
michigan,oceana
michigan,ogemaw
michigan,ontonagon
michigan,osceola
michigan,oscoda
michigan,otsego
michigan,ottawa
michigan,presque isle
michigan,saginaw
michigan,sanilac
michigan,schoolcraft
michigan,shiawassee
michigan,st clair
michigan,st joseph
michigan,tuscola
michigan,van buren
michigan,washtenaw
michigan,wayne
michigan,wexford
minnesota,aitkin
minnesota,anoka
minnesota,becker
minnesota,beltrami
minnesota,benton
minnesota,big stone
minnesota,blue earth
minnesota,brown
minnesota,carver
minnesota,cass
minnesota,chippewa
minnesota,chisago
minnesota,clay
minnesota,clearwater
minnesota,cottonwood
minnesota,crow wing
minnesota,dakota
minnesota,dodge
minnesota,douglas
minnesota,faribault
minnesota,fillmore
minnesota,freeborn
minnesota,goodhue
minnesota,grant
minnesota,hennepin
minnesota,houston
minnesota,hubbard
minnesota,isanti
minnesota,itasca
minnesota,jackson
minnesota,kanabec
minnesota,kandiyohi
minnesota,kittson
minnesota,koochiching
minnesota,lac qui parle
minnesota,lake of the woods
minnesota,le sueur
minnesota,lincoln
minnesota,lyon
minnesota,mahnomen
minnesota,marshall
minnesota,martin
minnesota,mcleod
minnesota,meeker
minnesota,mille lacs
minnesota,morrison
minnesota,mower
minnesota,murray
minnesota,nicollet
minnesota,nobles
minnesota,norman
minnesota,olmsted
minnesota,otter tail
minnesota,pennington
minnesota,pine
minnesota,pipestone
minnesota,polk
minnesota,pope
minnesota,ramsey
minnesota,red lake
minnesota,redwood
minnesota,renville
minnesota,rice
minnesota,rock
minnesota,roseau
minnesota,scott
minnesota,sherburne
minnesota,sibley
minnesota,stearns
minnesota,steele
minnesota,stevens
minnesota,swift
minnesota,todd
minnesota,traverse
minnesota,wabasha
minnesota,wadena
minnesota,waseca
minnesota,washington
minnesota,watonwan
minnesota,wilkin
minnesota,winona
minnesota,wright
minnesota,yellow medicine
missouri,adair
missouri,andrew
missouri,atchison
missouri,audrain
missouri,barry
missouri,barton
missouri,bates
missouri,benton
missouri,bollinger
missouri,boone
missouri,buchanan
missouri,butler
missouri,caldwell
missouri,callaway
missouri,camden
missouri,cape girardeau
missouri,carroll
missouri,carter
missouri,cass
missouri,cedar
missouri,chariton
missouri,christian
missouri,clark
missouri,clay
missouri,clinton
missouri,cole
missouri,cooper
missouri,crawford
missouri,dade
missouri,dallas
missouri,daviess
missouri,de kalb
missouri,dent
missouri,douglas
missouri,dunklin
missouri,franklin
missouri,gasconade
missouri,gentry
missouri,greene
missouri,grundy
missouri,harrison
missouri,henry
missouri,hickory
missouri,holt
missouri,howard
missouri,howell
missouri,iron
missouri,jackson
missouri,jasper
missouri,jefferson
missouri,johnson
missouri,knox
missouri,laclede
missouri,lafayette
missouri,lawrence
missouri,lewis
missouri,lincoln
missouri,linn
missouri,livingston
missouri,macon
missouri,madison
missouri,maries
missouri,marion
missouri,mcdonald
missouri,mercer
missouri,miller
missouri,mississippi
missouri,moniteau
missouri,monroe
missouri,montgomery
missouri,morgan
missouri,new madrid
missouri,newton
missouri,nodaway
missouri,oregon
missouri,osage
missouri,ozark
missouri,pemiscot
missouri,perry
missouri,pettis
missouri,phelps
missouri,pike
missouri,platte
missouri,polk
missouri,pulaski
missouri,putnam
missouri,ralls
missouri,randolph
missouri,ray
missouri,reynolds
missouri,ripley
missouri,saline
missouri,schuyler
missouri,scotland
missouri,scott
missouri,shannon
missouri,shelby
missouri,st charles
missouri,st clair
missouri,st francois
missouri,st louis
missouri,ste genevieve
missouri,ste. genevieve
missouri,stoddard
missouri,stone
missouri,sullivan
missouri,taney
missouri,texas
missouri,vernon
missouri,warren
missouri,washington
missouri,wayne
missouri,webster
missouri,worth
missouri,wright
nebraska,adams
nebraska,antelope
nebraska,arthur
nebraska,banner
nebraska,blaine
nebraska,boone
nebraska,box butte
nebraska,boyd
nebraska,brown
nebraska,buffalo
nebraska,burt
nebraska,butler
nebraska,cass
nebraska,cedar
nebraska,chase
nebraska,cherry
nebraska,cheyenne
nebraska,clay
nebraska,colfax
nebraska,cuming
nebraska,custer
nebraska,dakota
nebraska,dawson
nebraska,deuel
nebraska,dixon
nebraska,dodge
nebraska,douglas
nebraska,dundy
nebraska,fillmore
nebraska,franklin
nebraska,frontier
nebraska,furnas
nebraska,gage
nebraska,garden
nebraska,garfield
nebraska,gosper
nebraska,greeley
nebraska,hall
nebraska,hamilton
nebraska,harlan
nebraska,hayes
nebraska,hitchcock
nebraska,holt
nebraska,howard
nebraska,jefferson
nebraska,johnson
nebraska,kearney
nebraska,keith
nebraska,keya paha
nebraska,knox
nebraska,lancaster
nebraska,lincoln
nebraska,logan
nebraska,loup
nebraska,madison
nebraska,mcpherson
nebraska,merrick
nebraska,morrill
nebraska,nance
nebraska,nemaha
nebraska,nuckolls
nebraska,otoe
nebraska,pawnee
nebraska,perkins
nebraska,phelps
nebraska,pierce
nebraska,platte
nebraska,polk
nebraska,red willow
nebraska,richardson
nebraska,rock
nebraska,saline
nebraska,sarpy
nebraska,saunders
nebraska,scotts bluff
nebraska,seward
nebraska,sheridan
nebraska,sherman
nebraska,sioux
nebraska,stanton
nebraska,thayer
nebraska,thomas
nebraska,thurston
nebraska,valley
nebraska,washington
nebraska,wayne
nebraska,webster
nebraska,wheeler
nebraska,york
north dakota,adams
north dakota,barnes
north dakota,benson
north dakota,bottineau
north dakota,bowman
north dakota,burke
north dakota,burleigh
north dakota,cass
north dakota,cavalier
north dakota,dickey
north dakota,divide
north dakota,eddy
north dakota,emmons
north dakota,foster
north dakota,golden valley
north dakota,grand forks
north dakota,grant
north dakota,griggs
north dakota,hettinger
north dakota,kidder
north dakota,la moure
north dakota,logan
north dakota,mchenry
north dakota,mcintosh
north dakota,mckenzie
north dakota,mclean
north dakota,mercer
north dakota,morton
north dakota,mountrail
north dakota,nelson
north dakota,oliver
north dakota,pembina
north dakota,pierce
north dakota,ramsey
north dakota,ransom
north dakota,renville
north dakota,richland
north dakota,rolette
north dakota,sargent
north dakota,sheridan
north dakota,sioux
north dakota,steele
north dakota,stutsman
north dakota,towner
north dakota,traill
north dakota,walsh
north dakota,ward
north dakota,wells
north dakota,williams
ohio,adams
ohio,allen
ohio,ashland
ohio,ashtabula
ohio,athens
ohio,auglaize
ohio,brown
ohio,butler
ohio,carroll
ohio,champaign
ohio,clark
ohio,clermont
ohio,clinton
ohio,columbiana
ohio,coshocton
ohio,crawford
ohio,cuyahoga
ohio,darke
ohio,defiance
ohio,delaware
ohio,erie
ohio,fairfield
ohio,fayette
ohio,franklin
ohio,fulton
ohio,gallia
ohio,geauga
ohio,greene
ohio,guernsey
ohio,hamilton
ohio,hancock
ohio,hardin
ohio,harrison
ohio,henry
ohio,highland
ohio,hocking
ohio,holmes
ohio,huron
ohio,jackson
ohio,jefferson
ohio,knox
ohio,lake
ohio,lawrence
ohio,licking
ohio,logan
ohio,lorain
ohio,lucas
ohio,madison
ohio,mahoning
ohio,marion
ohio,medina
ohio,meigs
ohio,mercer
ohio,miami
ohio,monroe
ohio,montgomery
ohio,morgan
ohio,morrow
ohio,muskingum
ohio,ottawa
ohio,paulding
ohio,perry
ohio,pickaway
ohio,pike
ohio,portage
ohio,preble
ohio,putnam
ohio,richland
ohio,ross
ohio,sandusky
ohio,scioto
ohio,seneca
ohio,shelby
ohio,stark
ohio,summit
ohio,trumbull
ohio,tuscarawas
ohio,union
ohio,van wert
ohio,vinton
ohio,warren
ohio,washington
ohio,wayne
ohio,williams
ohio,wood
ohio,wyandot
south dakota,aurora
south dakota,beadle
south dakota,bennett
south dakota,bon homme
south dakota,brookings
south dakota,brown
south dakota,brule
south dakota,buffalo
south dakota,butte
south dakota,campbell
south dakota,charles mix
south dakota,clark
south dakota,clay
south dakota,codington
south dakota,corson
south dakota,custer
south dakota,davison
south dakota,day
south dakota,deuel
south dakota,dewey
south dakota,douglas
south dakota,edmunds
south dakota,faulk
south dakota,grant
south dakota,gregory
south dakota,haakon
south dakota,hamlin
south dakota,hand
south dakota,hanson
south dakota,hughes
south dakota,hutchinson
south dakota,hyde
south dakota,jackson
south dakota,jerauld
south dakota,jones
south dakota,kingsbury
south dakota,lake
south dakota,lincoln
south dakota,lyman
south dakota,marshall
south dakota,mccook
south dakota,mcpherson
south dakota,meade
south dakota,mellette
south dakota,miner
south dakota,minnehaha
south dakota,moody
south dakota,oglala lakota
south dakota,pennington
south dakota,perkins
south dakota,potter
south dakota,roberts
south dakota,sanborn
south dakota,spink
south dakota,stanley
south dakota,sully
south dakota,todd
south dakota,tripp
south dakota,turner
south dakota,union
south dakota,walworth
south dakota,yankton
south dakota,ziebach
wisconsin,adams
wisconsin,ashland
wisconsin,barron
wisconsin,bayfield
wisconsin,brown
wisconsin,buffalo
wisconsin,burnett
wisconsin,calumet
wisconsin,chippewa
wisconsin,clark
wisconsin,columbia
wisconsin,crawford
wisconsin,dane
wisconsin,dodge
wisconsin,door
wisconsin,douglas
wisconsin,dunn
wisconsin,eau claire
wisconsin,fond du lac
wisconsin,grant
wisconsin,green lake
wisconsin,green
wisconsin,iowa
wisconsin,iron
wisconsin,jackson
wisconsin,jefferson
wisconsin,juneau
wisconsin,kenosha
wisconsin,kewaunee
wisconsin,la crosse
wisconsin,lafayette
wisconsin,langlade
wisconsin,lincoln
wisconsin,manitowoc
wisconsin,marathon
wisconsin,marinette
wisconsin,marquette
wisconsin,milwaukee
wisconsin,monroe
wisconsin,oconto
wisconsin,outagamie
wisconsin,ozaukee
wisconsin,pepin
wisconsin,pierce
wisconsin,polk
wisconsin,portage
wisconsin,price
wisconsin,racine
wisconsin,richland
wisconsin,rock
wisconsin,rusk
wisconsin,sauk
wisconsin,sawyer
wisconsin,shawano
wisconsin,sheboygan
wisconsin,st croix
wisconsin,taylor
wisconsin,trempealeau
wisconsin,vernon
wisconsin,vilas
wisconsin,walworth
wisconsin,washburn
wisconsin,washington
wisconsin,waukesha
wisconsin,waupaca
wisconsin,waushara
wisconsin,winnebago
wisconsin,wood
illinois,de kalb
